id,customer,y,outcome,probability
15,B,2.6679611541150328,non_event,0.14985554871126905
16,B,3.0097729239931543,non_event,0.06913827499141023
17,B,2.2256276118069414,non_event,0.08690802919311746
18,B,3.4002159895460182,non_event,0.38848880176933254
