id,customer,y,outcome,probability
63,M,4.404790635507233,non_event,0.059110270330997694
64,M,1.3233334332002187,non_event,0.45722676654622696
65,M,1.9480891471927007,non_event,0.06645591525119876
66,M,1.3257278325705475,non_event,0.15330908500097673
67,M,2.7844348126778926,non_event,0.02692117041494957
68,M,1.3366539482159951,non_event,0.034406908974087935
69,M,3.2179315843149356,non_event,0.033638922205042054
