id,customer,y,outcome,probability
22,D,4.0496446937008175,non_event,0.041724830138857416
23,D,4.4574062583186445,non_event,0.03181578499474702
