id,customer,y,outcome,probability
3,E,3.3100803504189886,non_event,0.03370981466337308
24,E,1.0269851722867531,non_event,0.029449676146852122
25,E,2.2112411658350135,non_event,0.06922727874836476
26,E,6.120273095725464,non_event,0.14856055259478296
