id,customer,y,outcome,probability
42,Q,1.4983694130080591,event,0.6331292973991267
43,Q,1.7781067037732667,non_event,0.2722800958075726
44,Q,3.565757926549711,non_event,0.0274607269293059
